"id","TIPO","FUNCION","CODIGO_SECTORIAL","SECTORIAL","CODIGO_ENTIDAD","ENTIDAD"," PRESUPUESTO "
"1","INGRESO","FUNCION EJECUTIVA","0","TESORO NACIONAL","990","RECURSOS PREASIGNADOS","1029673700.00"
"2","INGRESO","FUNCION EJECUTIVA","0","TESORO NACIONAL","991","FINANCIAMIENTO DE DERIVADOS DEFICITARIOS","5785982987.00"
"3","INGRESO","FUNCION EJECUTIVA","0","TESORO NACIONAL","996","INGRESOS Y TRANSFERENCIAS","19566155504.00"
"4","INGRESO","FUNCION EJECUTIVA","0","TESORO NACIONAL","997","DEUDA PUBLICA","8806818876.70"
"5","INGRESO","FUNCION EJECUTIVA","2","SECTORIAL JURISDICCIONAL","67","SERVICIO DE GESTION INMOBILIARIA DEL SECTOR PUBLICO INMOBILIAR","1404417.00"
"6","INGRESO","FUNCION EJECUTIVA","3","SECTORIAL ADMINISTRATIVO","20","PRESIDENCIA Y SECRETARIA GENERAL DE LA ADMINISTRACION PUBLICA","6000.00"
"7","INGRESO","FUNCION EJECUTIVA","3","SECTORIAL ADMINISTRATIVO","21","VICEPRESIDENCIA DE LA REPUBLICA","7200.00"
"8","INGRESO","FUNCION EJECUTIVA","3","SECTORIAL ADMINISTRATIVO","32","MINISTERIO DE COORDINACION DE SEGURIDAD","16450.00"
"9","INGRESO","FUNCION EJECUTIVA","3","SECTORIAL ADMINISTRATIVO","34","SECRETARIA DE GESTION DE RIESGOS","60172568.00"
"10","INGRESO","FUNCION EJECUTIVA","3","SECTORIAL ADMINISTRATIVO","595","CONSEJO NACIONAL DE CONTROL DE SUSTANCIAS ESTUPEFACIENTES Y PSICOTROPICOS","1456400.00"
"11","INGRESO","FUNCION EJECUTIVA","3","SECTORIAL ADMINISTRATIVO","597","CONSEJO NACIONAL DE TELECOMUNICACIONES Y SECRETARIA NACIONAL DE COMUNICACIONES","393250.00"
"12","INGRESO","FUNCION EJECUTIVA","3","SECTORIAL ADMINISTRATIVO","679","CONSEJO NACIONAL CONTRA EL LAVADO DE ACTIVOS","1526698.00"
"13","INGRESO","FUNCION EJECUTIVA","4","SECTORIAL AMBIENTE","35","INSTITUTO PARA EL ECODESARROLLO DE LA REGION AMAZONICA - ECORAE","18423300.00"
"14","INGRESO","FUNCION EJECUTIVA","4","SECTORIAL AMBIENTE","40","MINISTERIO DEL AMBIENTE","18704838.00"
"15","INGRESO","FUNCION EJECUTIVA","4","SECTORIAL AMBIENTE","45","CONSEJO DE GOBIERNO DEL REGIMEN ESPECIAL DE GALAPAGOS","2646200.00"
"16","INGRESO","FUNCION EJECUTIVA","4","SECTORIAL AMBIENTE","47","AGENCIA DE REGULACION Y CONTROL DE LA BIOSEGURIDAD Y CUARENTENA PARA GALAPAGOS","1255200.00"
"17","INGRESO","FUNCION EJECUTIVA","4","SECTORIAL AMBIENTE","330","PARQUE NACIONAL GALAPAGOS","16454800.00"
"18","INGRESO","FUNCION EJECUTIVA","5","SECTORIAL ASUNTOS INTERNOS","50","MINISTERIO DEL INTERIOR","20513546.00"
"19","INGRESO","FUNCION EJECUTIVA","5","SECTORIAL ASUNTOS INTERNOS","51","DIRECCION NACIONAL DE REGISTRO CIVIL IDENTIFICACION Y CEDULACION","39276843.00"
"20","INGRESO","FUNCION EJECUTIVA","5","SECTORIAL ASUNTOS INTERNOS","52","POLICIA NACIONAL","4476942.00"
"21","INGRESO","FUNCION EJECUTIVA","5","SECTORIAL ASUNTOS INTERNOS","56","DIRECCION NACIONAL DE MIGRACION","1200000.00"
"22","INGRESO","FUNCION EJECUTIVA","5","SECTORIAL ASUNTOS INTERNOS","57","DIRECCION NACIONAL DE LA POLICIA JUDICIAL","300000.00"
"23","INGRESO","FUNCION EJECUTIVA","5","SECTORIAL ASUNTOS INTERNOS","58","DIRECCION NACIONAL DE SALUD DE LA POLICIA NACIONAL","48575152.00"
"24","INGRESO","FUNCION EJECUTIVA","5","SECTORIAL ASUNTOS INTERNOS","68","COMISION DE TRANSITO DEL ECUADOR","42129160.00"
"25","INGRESO","FUNCION EJECUTIVA","5","SECTORIAL ASUNTOS INTERNOS","69","AGENCIA NACIONAL DE REGULACION Y CONTROL DEL TRANSPORTE TERRESTRE TRANSITO Y SEGURIDAD VIAL","76840187.00"
"26","INGRESO","FUNCION EJECUTIVA","6","SECTORIAL DEFENSA NACIONAL","70","MINISTERIO DE DEFENSA NACIONAL","109877194.00"
"27","INGRESO","FUNCION EJECUTIVA","6","SECTORIAL DEFENSA NACIONAL","72","INSTITUTO GEOGRAFICO MILITAR","6183744.00"
"28","INGRESO","FUNCION EJECUTIVA","6","SECTORIAL DEFENSA NACIONAL","74","HOSPITAL DE ESPECIALIDADES FUERZAS ARMADAS NO. 1","25522727.00"
"29","INGRESO","FUNCION EJECUTIVA","6","SECTORIAL DEFENSA NACIONAL","75","SECCION NACIONAL DEL ECUADOR DEL INSTITUTO PANAMERICANO DE GEOGRAFIA E HISTORIA","52400.00"
"30","INGRESO","FUNCION EJECUTIVA","6","SECTORIAL DEFENSA NACIONAL","80","INSTITUTO ESPACIAL ECUATORIANO","6000.00"
"31","INGRESO","FUNCION EJECUTIVA","6","SECTORIAL DEFENSA NACIONAL","99","AUTORIDAD PORTUARIA DE PUERTO BOLIVAR","11199996.00"
"32","INGRESO","FUNCION EJECUTIVA","6","SECTORIAL DEFENSA NACIONAL","100","AUTORIDAD PORTUARIA DE ESMERALDAS","18228339.00"
"33","INGRESO","FUNCION EJECUTIVA","6","SECTORIAL DEFENSA NACIONAL","101","AUTORIDAD PORTUARIA DE GUAYAQUIL","40651930.00"
"34","INGRESO","FUNCION EJECUTIVA","6","SECTORIAL DEFENSA NACIONAL","102","AUTORIDAD PORTUARIA DE MANTA","10041825.00"
"35","INGRESO","FUNCION EJECUTIVA","6","SECTORIAL DEFENSA NACIONAL","271","INSTITUTO OCEANOGRAFICO","22658000.00"
"36","INGRESO","FUNCION EJECUTIVA","7","SECTORIAL ASUNTOS DEL EXTERIOR","120","MINISTERIO DE RELACIONES EXTERIORES Y MOVILIDAD HUMANA","34247220.00"
"37","INGRESO","FUNCION EJECUTIVA","8","SECTORIAL FINANZAS","135","SERVICIO DE RENTAS INTERNAS - SRI","50000.00"
"38","INGRESO","FUNCION EJECUTIVA","8","SECTORIAL FINANZAS","136","SERVICIO NACIONAL DE ADUANA DEL ECUADOR - SENAE","10000000.00"
"39","INGRESO","FUNCION EJECUTIVA","9","SECTORIAL EDUCACION","140","MINISTERIO DE EDUCACION","8313475.00"
"40","INGRESO","FUNCION EJECUTIVA","9","SECTORIAL EDUCACION","141","INSTITUTO NACIONAL DE PATRIMONIO CULTURAL","316400.00"
"41","INGRESO","FUNCION EJECUTIVA","9","SECTORIAL EDUCACION","142","MUSEO ECUATORIANO DE CIENCIAS NATURALES","48500.00"
"42","INGRESO","FUNCION EJECUTIVA","9","SECTORIAL EDUCACION","148","MINISTERIO DEL DEPORTE","105744.00"
"43","INGRESO","FUNCION EJECUTIVA","9","SECTORIAL EDUCACION","150","MINISTERIO DE CULTURA Y PATRIMONIO","254400.00"
"44","INGRESO","FUNCION EJECUTIVA","9","SECTORIAL EDUCACION","155","CASA DE MONTALVO","55400.00"
"45","INGRESO","FUNCION EJECUTIVA","9","SECTORIAL EDUCACION","156","ORQUESTA SINFONICA DE LOJA","5000.00"
"46","INGRESO","FUNCION EJECUTIVA","9","SECTORIAL EDUCACION","157","CORPORACION CIUDAD ALFARO","76400.00"
"47","INGRESO","FUNCION EJECUTIVA","9","SECTORIAL EDUCACION","161","UNIVERSIDAD ESTATAL DE CUENCA","12832298.00"
"48","INGRESO","FUNCION EJECUTIVA","9","SECTORIAL EDUCACION","162","UNIVERSIDAD ESTATAL DE BOLIVAR","1000000.00"
"49","INGRESO","FUNCION EJECUTIVA","9","SECTORIAL EDUCACION","163","ESCUELA SUPERIOR POLITECNICA DEL CHIMBORAZO","3859561.00"
"50","INGRESO","FUNCION EJECUTIVA","9","SECTORIAL EDUCACION","164","UNIVERSIDAD TECNICA DE MACHALA","2352600.00"
"51","INGRESO","FUNCION EJECUTIVA","9","SECTORIAL EDUCACION","165","UNVIERSIDAD TECNICA LUIS VARGAS TORRES DE ESMERALDAS","1469200.00"
"52","INGRESO","FUNCION EJECUTIVA","9","SECTORIAL EDUCACION","166","UNIVERSIDAD DE GUAYAQUIL","20558200.00"
"53","INGRESO","FUNCION EJECUTIVA","9","SECTORIAL EDUCACION","167","ESCUELA SUPERIOR POLITECNICA DEL LITORAL","4644700.00"
"54","INGRESO","FUNCION EJECUTIVA","9","SECTORIAL EDUCACION","168","UNIVERSIDAD AGRARIA DEL ECUADOR","1629136.00"
"55","INGRESO","FUNCION EJECUTIVA","9","SECTORIAL EDUCACION","169","UNIVERSIDAD TECNICA DEL NORTE","1426410.00"
"56","INGRESO","FUNCION EJECUTIVA","9","SECTORIAL EDUCACION","170","UNIVERSIDAD NACIONAL DE LOJA","1354000.00"
"57","INGRESO","FUNCION EJECUTIVA","9","SECTORIAL EDUCACION","171","UNIVERSIDAD TECNICA DE BABAHOYO","1307800.00"
"58","INGRESO","FUNCION EJECUTIVA","9","SECTORIAL EDUCACION","172","UNIVERSIDAD TECNICA DE QUEVEDO","635370.00"
"59","INGRESO","FUNCION EJECUTIVA","9","SECTORIAL EDUCACION","173","UNIVERSIDAD TECNICA DE MANABI","213000.00"
"60","INGRESO","FUNCION EJECUTIVA","9","SECTORIAL EDUCACION","174","UNIVERSIDAD LAICA ELOY ALFARO DE MANABI","2720045.00"
"61","INGRESO","FUNCION EJECUTIVA","9","SECTORIAL EDUCACION","175","UNIVERSIDAD CENTRAL DEL ECUADOR","16896068.00"
"62","INGRESO","FUNCION EJECUTIVA","9","SECTORIAL EDUCACION","176","UNIVERSIDAD TECNICA DE AMBATO","6090300.00"
"63","INGRESO","FUNCION EJECUTIVA","9","SECTORIAL EDUCACION","177","ESCUELA POLITECNICA NACIONAL","12858240.00"
"64","INGRESO","FUNCION EJECUTIVA","9","SECTORIAL EDUCACION","179","UNIVERSIDAD TECNICA DE COTOPAXI","1446800.00"
"65","INGRESO","FUNCION EJECUTIVA","9","SECTORIAL EDUCACION","180","UNIVERSIDAD NACIONAL DE CHIMBORAZO","2355100.00"
"66","INGRESO","FUNCION EJECUTIVA","9","SECTORIAL EDUCACION","181","UNIVERSIDAD ESTATAL DE MILAGRO","1452400.00"
"67","INGRESO","FUNCION EJECUTIVA","9","SECTORIAL EDUCACION","182","UNIVERSIDAD ESTATAL DEL SUR DE MANABI","247700.00"
"68","INGRESO","FUNCION EJECUTIVA","9","SECTORIAL EDUCACION","185","UNIVERSIDAD ESTATAL AMAZONICA","232800.00"
"69","INGRESO","FUNCION EJECUTIVA","9","SECTORIAL EDUCACION","187","UNIVERSIDAD ESTATAL PENINSULA DE SANTA ELENA","658700.00"
"70","INGRESO","FUNCION EJECUTIVA","9","SECTORIAL EDUCACION","188","ESCUELA SUPERIOR POLITECNICA AGROPECUARIA DE MANABI MANUEL FELIX LOPEZ","459230.00"
"71","INGRESO","FUNCION EJECUTIVA","9","SECTORIAL EDUCACION","189","UNIVERSIDAD DE LAS FUERZAS ARMADAS - ESPE","9937572.00"
"72","INGRESO","FUNCION EJECUTIVA","9","SECTORIAL EDUCACION","190","CASA DE LA CULTURA ECUATORIANA NUCLEO DEL AZUAY","133300.00"
"73","INGRESO","FUNCION EJECUTIVA","9","SECTORIAL EDUCACION","191","CASA DE LA CULTURA ECUATORIANA NUCLEO DE BOLIVAR","20406.00"
"74","INGRESO","FUNCION EJECUTIVA","9","SECTORIAL EDUCACION","192","CASA DE LA CULTURA ECUATORIANA NUCLEO DE CANAR","8000.00"
"75","INGRESO","FUNCION EJECUTIVA","9","SECTORIAL EDUCACION","193","CASA DE LA CULTURA ECUATORIANA NUCLEO DE CARCHI","2856.00"
"76","INGRESO","FUNCION EJECUTIVA","9","SECTORIAL EDUCACION","194","CASA DE LA CULTURA ECUATORIANA NUCLEO DE COTOPAXI","7200.00"
"77","INGRESO","FUNCION EJECUTIVA","9","SECTORIAL EDUCACION","195","CASA DE LA CULTURA ECUATORIANA NUCLEO DE CHIMBORAZO","56475.00"
"78","INGRESO","FUNCION EJECUTIVA","9","SECTORIAL EDUCACION","196","CASA DE LA CULTURA ECUATORIANA NUCLEO DE EL ORO","51950.00"
"79","INGRESO","FUNCION EJECUTIVA","9","SECTORIAL EDUCACION","197","CASA DE LA CULTURA ECUATORIANA NUCLEO DE ESMERALDAS","2000.00"
"80","INGRESO","FUNCION EJECUTIVA","9","SECTORIAL EDUCACION","198","CASA DE LA CULTURA ECUATORIANA NUCLEO DE GUAYAS","191500.00"
"81","INGRESO","FUNCION EJECUTIVA","9","SECTORIAL EDUCACION","199","CASA DE LA CULTURA ECUATORIANA NUCLEO DE IMBABURA","39280.00"
"82","INGRESO","FUNCION EJECUTIVA","9","SECTORIAL EDUCACION","200","CASA DE LA CULTURA ECUATORIANA NUCLEO DE LOJA","11400.00"
"83","INGRESO","FUNCION EJECUTIVA","9","SECTORIAL EDUCACION","201","CASA DE LA CULTURA ECUATORIANA NUCLEO DE LOS RIOS","23784.00"
"84","INGRESO","FUNCION EJECUTIVA","9","SECTORIAL EDUCACION","202","CASA DE LA CULTURA ECUATORIANA NUCLEO DE MANABI","39300.00"
"85","INGRESO","FUNCION EJECUTIVA","9","SECTORIAL EDUCACION","203","CASA DE LA CULTURA ECUATORIANA NUCLEO DE MORONA SANTIAGO","2500.00"
"86","INGRESO","FUNCION EJECUTIVA","9","SECTORIAL EDUCACION","205","CASA DE LA CULTURA ECUATORIANA NUCLEO DE PASTAZA","9400.00"
"87","INGRESO","FUNCION EJECUTIVA","9","SECTORIAL EDUCACION","206","CASA DE LA CULTURA ECUATORIANA BENJAMIN CARRION","3690500.00"
"88","INGRESO","FUNCION EJECUTIVA","9","SECTORIAL EDUCACION","207","CASA DE LA CULTURA ECUATORIANA NUCLEO DE TUNGURAHUA","16200.00"
"89","INGRESO","FUNCION EJECUTIVA","9","SECTORIAL EDUCACION","208","CASA DE LA CULTURA ECUATORIANA NUCLEO DE ZAMORA","1000.00"
"90","INGRESO","FUNCION EJECUTIVA","9","SECTORIAL EDUCACION","211","CASA DE LA CULTURA ECUATORIANA NUCLEO DE ORELLANA","2500.00"
"91","INGRESO","FUNCION EJECUTIVA","9","SECTORIAL EDUCACION","212","CASA DE LA CULTURA ECUATORIANA NUCLEO PROVINCIAL DE SANTO DOMINGO DE LOS TSACHILAS","10000.00"
"92","INGRESO","FUNCION EJECUTIVA","9","SECTORIAL EDUCACION","213","CASA DE LA CULTURA ECUATORIANA NUCLEO PROVINCIAL DE SANTA ELENA","10000.00"
"93","INGRESO","FUNCION EJECUTIVA","9","SECTORIAL EDUCACION","215","INSTITUTO SUPERIOR TECNOLOGICO DE ARTES DEL ECUADOR","3200.00"
"94","INGRESO","FUNCION EJECUTIVA","9","SECTORIAL EDUCACION","232","INSTITUTO DE ALTOS ESTUDIOS NACIONALES - IAEN","1108100.00"
"95","INGRESO","FUNCION EJECUTIVA","9","SECTORIAL EDUCACION","233","UNIVERSIDAD POLITECNICA ESTATAL DEL CARCHI","290000.00"
"96","INGRESO","FUNCION EJECUTIVA","9","SECTORIAL EDUCACION","236","CONSEJO NACIONAL DE CINEMATOGRAFIA","5000.00"
"97","INGRESO","FUNCION EJECUTIVA","10","SECTORIAL BIENESTAR SOCIAL","282","CONSEJO DE DESARROLLO DE LAS NACIONALIDADES Y PUEBLOS INDIGENAS DEL ECUADOR","1300.00"
"98","INGRESO","FUNCION EJECUTIVA","10","SECTORIAL BIENESTAR SOCIAL","283","CONSEJO NACIONAL PARA LA IGUALDAD DE DISCAPACIDADES","130000.00"
"99","INGRESO","FUNCION EJECUTIVA","11","SECTORIAL TRABAJO","311","SERVICIO ECUATORIANO DE CAPACITACION PROFESIONAL - SECAP","6354696.00"
"100","INGRESO","FUNCION EJECUTIVA","11","SECTORIAL TRABAJO","315","MINISTERIO DE RELACIONES LABORALES","9900000.00"
"101","INGRESO","FUNCION EJECUTIVA","11","SECTORIAL TRABAJO","319","JUNTA NACIONAL DE DEFENSA DEL ARTESANO","723000.00"
"102","INGRESO","FUNCION EJECUTIVA","12","SECTORIAL SALUD","217","AGENCIA NACIONAL DE REGULACION CONTROL Y VIGILANCIA SANITARIA - ARCSA","11932456.00"
"103","INGRESO","FUNCION EJECUTIVA","12","SECTORIAL SALUD","267","INSTITUTO NACIONAL DE INVESTIGACION EN SALUD PUBLICA - INSPI","294030.00"
"104","INGRESO","FUNCION EJECUTIVA","12","SECTORIAL SALUD","320","MINISTERIO DE SALUD PUBLICA","18166169.00"
"105","INGRESO","FUNCION EJECUTIVA","12","SECTORIAL SALUD","323","CONSEJO NACIONAL DE SALUD - CONASA","150000.00"
"106","INGRESO","FUNCION EJECUTIVA","13","SECTORIAL AGROPECUARIO","360","MINISTERIO DE AGRICULTURA GANADERIA ACUACULTURA Y PESCA","10568134.00"
"107","INGRESO","FUNCION EJECUTIVA","13","SECTORIAL AGROPECUARIO","390","INSTITUTO NACIONAL AUTONOMO DE INVESTIGACIONES AGROPECUARIAS - INIAP","6279609.00"
"108","INGRESO","FUNCION EJECUTIVA","13","SECTORIAL AGROPECUARIO","392","AGENCIA ECUATORIANA DE ASEGURAMIENTO DE LA CALIDAD DEL AGRO","13760000.00"
"109","INGRESO","FUNCION EJECUTIVA","13","SECTORIAL AGROPECUARIO","473","INSTITUTO NACIONAL DE PESCA - INP","3000000.00"
"110","INGRESO","FUNCION EJECUTIVA","14","SECTORIAL RECURSOS NATURALES","37","SECRETARIA NACIONAL DEL AGUA","420861.00"
"111","INGRESO","FUNCION EJECUTIVA","14","SECTORIAL RECURSOS NATURALES","371","INSTITUTO NACIONAL DE EFICIENCIA ENERGETICA Y ENERGIAS RENOVABLES","22100.00"
"112","INGRESO","FUNCION EJECUTIVA","14","SECTORIAL RECURSOS NATURALES","416","AGENCIA DE REGULACION Y CONTROL HIDROCARBURO - ARCH","11248681.00"
"113","INGRESO","FUNCION EJECUTIVA","14","SECTORIAL RECURSOS NATURALES","421","MINISTERIO DE ELECTRICIDAD Y ENERGIA RENOVABLE","1914555.00"
"114","INGRESO","FUNCION EJECUTIVA","14","SECTORIAL RECURSOS NATURALES","422","INSTITUTO NACIONAL DE METEOROLOGIA E HIDROLOGIA - INAMHI","40000.00"
"115","INGRESO","FUNCION EJECUTIVA","14","SECTORIAL RECURSOS NATURALES","426","AGENCIA DE REGULACION Y CONTROL MINERO","1500000.00"
"116","INGRESO","FUNCION EJECUTIVA","14","SECTORIAL RECURSOS NATURALES","428","CONSEJO NACIONAL DE ELECTRICIDAD - CONELEC","13291577.00"
"117","INGRESO","FUNCION EJECUTIVA","15","COMERCIO EXTERIOR INDUSTRIALIZACION PESCA Y COMPETITIVIDAD","234","INSTITUTO ECUATORIANO DE PROPIEDAD INTELECTUAL - IEPI","35007920.00"
"118","INGRESO","FUNCION EJECUTIVA","15","COMERCIO EXTERIOR INDUSTRIALIZACION PESCA Y COMPETITIVIDAD","470","MINISTERIO DE INDUSTRIAS Y PRODUCTIVIDAD","1232900.00"
"119","INGRESO","FUNCION EJECUTIVA","15","COMERCIO EXTERIOR INDUSTRIALIZACION PESCA Y COMPETITIVIDAD","472","SERVICIO ECUATORIANO DE NORMALIZACION","13316744.00"
"120","INGRESO","FUNCION EJECUTIVA","15","COMERCIO EXTERIOR INDUSTRIALIZACION PESCA Y COMPETITIVIDAD","475","SERVICIO DE ACREDITACION ECUATORIANO","1117001.00"
"121","INGRESO","FUNCION EJECUTIVA","15","COMERCIO EXTERIOR INDUSTRIALIZACION PESCA Y COMPETITIVIDAD","476","CENTRO INTERAMERICANO DE ARTESANIAS Y ARTES POPULARES - CIDAP","32500.00"
"122","INGRESO","FUNCION EJECUTIVA","16","SECTORIAL TURISMO","510","MINISTERIO DE TURISMO","600000.00"
"123","INGRESO","FUNCION EJECUTIVA","17","SECTORIAL COMUNICACIONES","520","MINISTERIO DE TRANSPORTE Y OBRAS PUBLICAS","57751246.00"
"124","INGRESO","FUNCION EJECUTIVA","","","522","DIRECCION GENERAL DE AVIACION CIVIL","63129166.00"
"125","INGRESO","FUNCION EJECUTIVA","18","SECTORIAL DESARROLLO URBANO Y VIVIENDA","550","MINISTERIO DE DESARROLLO URBANO Y VIVIENDA","377300.00"
"126","INGRESO","FUNCION JUDICIAL Y JUSTICIA INDIGENA","2","SECTOR JURISDICCIONAL","10","CONSEJO DE LA JUDICATURA","803623.00"
"127","INGRESO","FUNCION JUDICIAL Y JUSTICIA INDIGENA","2","SECTOR JURISDICCIONAL","581","CORTE CONSTITUCIONAL","420000.00"
"128","INGRESO","FUNCION JUDICIAL Y JUSTICIA INDIGENA","2","SECTOR JURISDICCIONAL","598","FISCALIA GENERAL DEL ESTADO","114000.00"
"129","INGRESO","FUNCION JUDICIAL Y JUSTICIA INDIGENA","23","TRANSPARENCIA Y CONTROL SOCIAL","591","CONTRALORIA GENERAL DEL ESTADO","188500.00"
"130","INGRESO","FUNCION JUDICIAL Y JUSTICIA INDIGENA","23","TRANSPARENCIA Y CONTROL SOCIAL","592","SUPERINTENDENCIA DE BANCOS","51037829.00"
"131","INGRESO","FUNCION JUDICIAL Y JUSTICIA INDIGENA","23","TRANSPARENCIA Y CONTROL SOCIAL","593","SUPERINTENDENCIA DE COMPANIAS Y VALORES","14764730.00"
"132","INGRESO","FUNCION JUDICIAL Y JUSTICIA INDIGENA","23","TRANSPARENCIA Y CONTROL SOCIAL","594","SUPERINTENDENCIA DE TELECOMUNICACIONES","1216800.00"
"133","INGRESO","FUNCION ELECTORAL","22","ELECTORAL","580","CONSEJO NACIONAL ELECTORAL","9633622.00"
"134","GASTO","FUNCION LEGISLATIVA","1","SECTORIAL LEGISLATIVO","1","ASAMBLEA NACIONAL","68620551.00"
"135","GASTO","FUNCION LEGISLATIVA","1","SECTORIAL LEGISLATIVO","3","PARLAMENTO ANDINO - OFICINA NACIONAL","2327517.00"
"136","GASTO","FUNCION EJECUTIVA","0","TESORO NACIONAL","990","RECURSOS PREASIGNADOS","134824890.00"
"137","GASTO","FUNCION EJECUTIVA","0","TESORO NACIONAL","991","FINANCIAMIENTO DE DERIVADOS DEFICITARIOS","5785982987.00"
"138","GASTO","FUNCION EJECUTIVA","0","TESORO NACIONAL","996","INGRESOS Y TRANSFERENCIAS","6219655523.52"
"139","GASTO","FUNCION EJECUTIVA","0","TESORO NACIONAL","997","DEUDA PUBLICA","4284111413.98"
"140","GASTO","FUNCION EJECUTIVA","2","SECTORIAL JURISDICCIONAL","67","SERVICIO DE GESTION INMOBILIARIA DEL SECTOR PUBLICO INMOBILIAR","145312693.00"
"141","GASTO","FUNCION EJECUTIVA","3","SECTORIAL ADMINISTRATIVO","20","PRESIDENCIA Y SECRETARIA GENERAL DE LA ADMINISTRACION PUBLICA","32320495.00"
"142","GASTO","FUNCION EJECUTIVA","3","SECTORIAL ADMINISTRATIVO","21","VICEPRESIDENCIA DE LA REPUBLICA","13001450.00"
"143","GASTO","FUNCION EJECUTIVA","3","SECTORIAL ADMINISTRATIVO","24","SECRETARIA NACIONAL DE PLANIFICACION Y DESARROLLO - SENPLADES","32705428.00"
"144","GASTO","FUNCION EJECUTIVA","3","SECTORIAL ADMINISTRATIVO","25","MINISTERIO DE COORDINACION DE LA POLITICA ECONOMICA","13103703.00"
"145","GASTO","FUNCION EJECUTIVA","3","SECTORIAL ADMINISTRATIVO","26","MINISTERIO DE COORDINACION DE LA PRODUCCION EMPLEO Y COMPETITIVIDAD","5316838.00"
"146","GASTO","FUNCION EJECUTIVA","3","SECTORIAL ADMINISTRATIVO","32","MINISTERIO DE COORDINACION DE SEGURIDAD","11224153.00"
"147","GASTO","FUNCION EJECUTIVA","3","SECTORIAL ADMINISTRATIVO","34","SECRETARIA DE GESTION DE RIESGOS","101830982.00"
"148","GASTO","FUNCION EJECUTIVA","3","SECTORIAL ADMINISTRATIVO","38","MINISTERIO DE COORDINACION DE DESARROLLO SOCIAL","20898381.00"
"149","GASTO","FUNCION EJECUTIVA","3","SECTORIAL ADMINISTRATIVO","39","SERVICIO NACIONAL DE CONTRATACION PUBLICA - SERCOP","10681821.00"
"150","GASTO","FUNCION EJECUTIVA","3","SECTORIAL ADMINISTRATIVO","46","CONSEJO NACIONAL DE COMPETENCIAS","1324196.00"
"151","GASTO","FUNCION EJECUTIVA","3","SECTORIAL ADMINISTRATIVO","48","SECRETARIA TECNICA DE DISCAPACIDADES","9821342.00"
"152","GASTO","FUNCION EJECUTIVA","3","SECTORIAL ADMINISTRATIVO","63","MINISTERIO DE COORDINACION DE LOS SECTORES ESTRATEGICOS","7775613.00"
"153","GASTO","FUNCION EJECUTIVA","3","SECTORIAL ADMINISTRATIVO","64","INSTITUTO NACIONAL DE ESTADISTICAS Y CENSOS","27402381.00"
"154","GASTO","FUNCION EJECUTIVA","3","SECTORIAL ADMINISTRATIVO","65","SECRETARIA TECNICA DE COOPERACION INTERNACIONAL","2768159.00"
"155","GASTO","FUNCION EJECUTIVA","3","SECTORIAL ADMINISTRATIVO","66","INSTITUTO NACIONAL DE PREINVERSION","16935025.00"
"156","GASTO","FUNCION EJECUTIVA","3","SECTORIAL ADMINISTRATIVO","82","SECRETARIA NACIONAL DE LA ADMINISTRACION PUBLICA","38783587.00"
"157","GASTO","FUNCION EJECUTIVA","3","SECTORIAL ADMINISTRATIVO","83","SECRETARIA NACIONAL DE COMUNICACI”N","43829168.00"
"158","GASTO","FUNCION EJECUTIVA","3","SECTORIAL ADMINISTRATIVO","115","AGENCIA DE REGULACION Y CONTROL DEL AGUA - ARCA","2675787.00"
"159","GASTO","FUNCION EJECUTIVA","3","SECTORIAL ADMINISTRATIVO","266","SERVICIO INTEGRADO DE SEGURIDAD ECU 911","58527036.39"
"160","GASTO","FUNCION EJECUTIVA","3","SECTORIAL ADMINISTRATIVO","269","SECRETARIA NACIONAL DE GESTION DE LA POLITICA","23771140.00"
"161","GASTO","FUNCION EJECUTIVA","3","SECTORIAL ADMINISTRATIVO","352","SECRETARIA TECNICA DEL MAR","8748616.00"
"162","GASTO","FUNCION EJECUTIVA","3","SECTORIAL ADMINISTRATIVO","595","CONSEJO NACIONAL DE CONTROL DE SUSTANCIAS ESTUPEFACIENTES Y PSICOTROPICOS","16707314.00"
"163","GASTO","FUNCION EJECUTIVA","3","SECTORIAL ADMINISTRATIVO","597","CONSEJO NACIONAL DE TELECOMUNICACIONES Y SECRETARIA NACIONAL DE COMUNICACIONES","8940072.00"
"164","GASTO","FUNCION EJECUTIVA","3","SECTORIAL ADMINISTRATIVO","679","CONSEJO NACIONAL CONTRA EL LAVADO DE ACTIVOS","4230311.00"
"165","GASTO","FUNCION EJECUTIVA","3","SECTORIAL ADMINISTRATIVO","690","CORPORACION DEL SEGURO DE DEPOSITOS - COSEDE","2486200.00"
"166","GASTO","FUNCION EJECUTIVA","4","SECTORIAL AMBIENTE","35","INSTITUTO PARA EL ECODESARROLLO DE LA REGION AMAZONICA - ECORAE","18373300.00"
"167","GASTO","FUNCION EJECUTIVA","4","SECTORIAL AMBIENTE","40","MINISTERIO DEL AMBIENTE","119142564.00"
"168","GASTO","FUNCION EJECUTIVA","4","SECTORIAL AMBIENTE","45","CONSEJO DE GOBIERNO DEL REGIMEN ESPECIAL DE GALAPAGOS","14732897.00"
"169","GASTO","FUNCION EJECUTIVA","4","SECTORIAL AMBIENTE","47","AGENCIA DE REGULACION Y CONTROL DE LA BIOSEGURIDAD Y CUARENTENA PARA GALAPAGOS","6630282.00"
"170","GASTO","FUNCION EJECUTIVA","4","SECTORIAL AMBIENTE","330","PARQUE NACIONAL GALAPAGOS","36150528.00"
"171","GASTO","FUNCION EJECUTIVA","5","SECTORIAL ASUNTOS INTERNOS","50","MINISTERIO DEL INTERIOR","316960117.00"
"172","GASTO","FUNCION EJECUTIVA","5","SECTORIAL ASUNTOS INTERNOS","51","DIRECCION NACIONAL DE REGISTRO CIVIL IDENTIFICACION Y CEDULACION","74027457.00"
"173","GASTO","FUNCION EJECUTIVA","5","SECTORIAL ASUNTOS INTERNOS","52","POLICIA NACIONAL","1114695865.00"
"174","GASTO","FUNCION EJECUTIVA","5","SECTORIAL ASUNTOS INTERNOS","53","DIRECCION NACIONAL DE SEGURIDAD PUBLICA","47068.00"
"175","GASTO","FUNCION EJECUTIVA","5","SECTORIAL ASUNTOS INTERNOS","56","DIRECCION NACIONAL DE MIGRACION","928297.00"
"176","GASTO","FUNCION EJECUTIVA","5","SECTORIAL ASUNTOS INTERNOS","57","DIRECCION NACIONAL DE LA POLICIA JUDICIAL","7989693.00"
"177","GASTO","FUNCION EJECUTIVA","5","SECTORIAL ASUNTOS INTERNOS","58","DIRECCION NACIONAL DE SALUD DE LA POLICIA NACIONAL","45108988.00"
"178","GASTO","FUNCION EJECUTIVA","5","SECTORIAL ASUNTOS INTERNOS","61","MINISTERIO DE JUSTICIA DERECHOS HUMANOS Y CULTOS","162242121.00"
"179","GASTO","FUNCION EJECUTIVA","5","SECTORIAL ASUNTOS INTERNOS","68","COMISION DE TRANSITO DEL ECUADOR","203390963.10"
"180","GASTO","FUNCION EJECUTIVA","5","SECTORIAL ASUNTOS INTERNOS","69","AGENCIA NACIONAL DE REGULACION Y CONTROL DEL TRANSPORTE TERRESTRE TRANSITO Y SEGURIDAD VIAL","108544238.72"
"181","GASTO","FUNCION EJECUTIVA","6","SECTORIAL DEFENSA NACIONAL","70","MINISTERIO DE DEFENSA NACIONAL","1682925399.82"
"182","GASTO","FUNCION EJECUTIVA","6","SECTORIAL DEFENSA NACIONAL","72","INSTITUTO GEOGRAFICO MILITAR","10415092.00"
"183","GASTO","FUNCION EJECUTIVA","6","SECTORIAL DEFENSA NACIONAL","74","HOSPITAL DE ESPECIALIDADES FUERZAS ARMADAS NO. 1","44563923.00"
"184","GASTO","FUNCION EJECUTIVA","6","SECTORIAL DEFENSA NACIONAL","75","SECCION NACIONAL DEL ECUADOR DEL INSTITUTO PANAMERICANO DE GEOGRAFIA E HISTORIA","353962.00"
"185","GASTO","FUNCION EJECUTIVA","6","SECTORIAL DEFENSA NACIONAL","77","INSTITUTO ANTARTICO ECUATORIANO","2187901.00"
"186","GASTO","FUNCION EJECUTIVA","6","SECTORIAL DEFENSA NACIONAL","79","SECRETARIA DE INTELIGENCIA","60306819.00"
"187","GASTO","FUNCION EJECUTIVA","6","SECTORIAL DEFENSA NACIONAL","80","INSTITUTO ESPACIAL ECUATORIANO","8211501.00"
"188","GASTO","FUNCION EJECUTIVA","6","SECTORIAL DEFENSA NACIONAL","85","SERVICIO DE PROTECCION PRESIDENCIAL","8817817.00"
"189","GASTO","FUNCION EJECUTIVA","6","SECTORIAL DEFENSA NACIONAL","99","AUTORIDAD PORTUARIA DE PUERTO BOLIVAR","12230170.00"
"190","GASTO","FUNCION EJECUTIVA","6","SECTORIAL DEFENSA NACIONAL","100","AUTORIDAD PORTUARIA DE ESMERALDAS","23617722.00"
"191","GASTO","FUNCION EJECUTIVA","6","SECTORIAL DEFENSA NACIONAL","101","AUTORIDAD PORTUARIA DE GUAYAQUIL","36778710.00"
"192","GASTO","FUNCION EJECUTIVA","6","SECTORIAL DEFENSA NACIONAL","102","AUTORIDAD PORTUARIA DE MANTA","8299743.00"
"193","GASTO","FUNCION EJECUTIVA","6","SECTORIAL DEFENSA NACIONAL","103","COMISION ESPECIAL INTERINSTITUCIONAL DEL PUERTO DE MANTA","833728.00"
"194","GASTO","FUNCION EJECUTIVA","6","SECTORIAL DEFENSA NACIONAL","271","INSTITUTO OCEANOGRAFICO","11937599.00"
"195","GASTO","FUNCION EJECUTIVA","7","SECTORIAL ASUNTOS DEL EXTERIOR","120","MINISTERIO DE RELACIONES EXTERIORES Y MOVILIDAD HUMANA","129361487.00"
"196","GASTO","FUNCION EJECUTIVA","7","SECTORIAL ASUNTOS DEL EXTERIOR","129","INSTITUTO DE PROMOCION DE EXPORTACIONES E INVERSIONES EXTRANJERAS","24500004.00"
"197","GASTO","FUNCION EJECUTIVA","8","SECTORIAL FINANZAS","130","MINISTERIO DE FINANZAS","31598750.00"
"198","GASTO","FUNCION EJECUTIVA","8","SECTORIAL FINANZAS","135","SERVICIO DE RENTAS INTERNAS - SRI","106840826.00"
"199","GASTO","FUNCION EJECUTIVA","8","SECTORIAL FINANZAS","136","SERVICIO NACIONAL DE ADUANA DEL ECUADOR - SENAE","47049288.00"
"200","GASTO","FUNCION EJECUTIVA","8","SECTORIAL FINANZAS","139","UNIDAD DE GESTION DE DERECHO PUBLICO DEL FIDEICOMISO AGD-CFN NO MAS IMPUNIDAD","5175902.00"
"201","GASTO","FUNCION EJECUTIVA","9","SECTORIAL EDUCACION","89","MINISTERIO DE COORDINACION DE CONOCIMIENTO Y TALENTO HUMANO","95979839.72"
"202","GASTO","FUNCION EJECUTIVA","9","SECTORIAL EDUCACION","140","MINISTERIO DE EDUCACION","3321990889.08"
"203","GASTO","FUNCION EJECUTIVA","9","SECTORIAL EDUCACION","141","INSTITUTO NACIONAL DE PATRIMONIO CULTURAL","7994456.86"
"204","GASTO","FUNCION EJECUTIVA","9","SECTORIAL EDUCACION","142","MUSEO ECUATORIANO DE CIENCIAS NATURALES","455471.00"
"205","GASTO","FUNCION EJECUTIVA","9","SECTORIAL EDUCACION","146","CONSEJO NACIONAL DE CULTURA","434329.00"
"206","GASTO","FUNCION EJECUTIVA","9","SECTORIAL EDUCACION","148","MINISTERIO DEL DEPORTE","162258589.00"
"207","GASTO","FUNCION EJECUTIVA","9","SECTORIAL EDUCACION","150","MINISTERIO DE CULTURA Y PATRIMONIO","64530823.93"
"208","GASTO","FUNCION EJECUTIVA","9","SECTORIAL EDUCACION","155","CASA DE MONTALVO","195253.00"
"209","GASTO","FUNCION EJECUTIVA","9","SECTORIAL EDUCACION","156","ORQUESTA SINFONICA DE LOJA","1695487.00"
"210","GASTO","FUNCION EJECUTIVA","9","SECTORIAL EDUCACION","157","CORPORACION CIUDAD ALFARO","4308573.81"
"211","GASTO","FUNCION EJECUTIVA","9","SECTORIAL EDUCACION","159","SECRETARIA NACIONAL DE EDUCACION SUPERIOR CIENCIA TECNOLOGIA E INNOVACION","321202056.45"
"212","GASTO","FUNCION EJECUTIVA","9","SECTORIAL EDUCACION","161","UNIVERSIDAD ESTATAL DE CUENCA","84265423.00"
"213","GASTO","FUNCION EJECUTIVA","9","SECTORIAL EDUCACION","162","UNIVERSIDAD ESTATAL DE BOLIVAR","17870679.00"
"214","GASTO","FUNCION EJECUTIVA","9","SECTORIAL EDUCACION","163","ESCUELA SUPERIOR POLITECNICA DEL CHIMBORAZO","70354712.00"
"215","GASTO","FUNCION EJECUTIVA","9","SECTORIAL EDUCACION","164","UNIVERSIDAD TECNICA DE MACHALA","39167531.00"
"216","GASTO","FUNCION EJECUTIVA","9","SECTORIAL EDUCACION","165","UNVIERSIDAD TECNICA LUIS VARGAS TORRES DE ESMERALDAS","20824762.00"
"217","GASTO","FUNCION EJECUTIVA","9","SECTORIAL EDUCACION","166","UNIVERSIDAD DE GUAYAQUIL","183968106.00"
"218","GASTO","FUNCION EJECUTIVA","9","SECTORIAL EDUCACION","167","ESCUELA SUPERIOR POLITECNICA DEL LITORAL","73327286.00"
"219","GASTO","FUNCION EJECUTIVA","9","SECTORIAL EDUCACION","168","UNIVERSIDAD AGRARIA DEL ECUADOR","17424756.00"
"220","GASTO","FUNCION EJECUTIVA","9","SECTORIAL EDUCACION","169","UNIVERSIDAD TECNICA DEL NORTE","32492447.00"
"221","GASTO","FUNCION EJECUTIVA","9","SECTORIAL EDUCACION","170","UNIVERSIDAD NACIONAL DE LOJA","40559876.00"
"222","GASTO","FUNCION EJECUTIVA","9","SECTORIAL EDUCACION","171","UNIVERSIDAD TECNICA DE BABAHOYO","26330315.00"
"223","GASTO","FUNCION EJECUTIVA","9","SECTORIAL EDUCACION","172","UNIVERSIDAD TECNICA DE QUEVEDO","25426172.00"
"224","GASTO","FUNCION EJECUTIVA","9","SECTORIAL EDUCACION","173","UNIVERSIDAD TECNICA DE MANABI","43193043.00"
"225","GASTO","FUNCION EJECUTIVA","9","SECTORIAL EDUCACION","174","UNIVERSIDAD LAICA ELOY ALFARO DE MANABI","59726765.00"
"226","GASTO","FUNCION EJECUTIVA","9","SECTORIAL EDUCACION","175","UNIVERSIDAD CENTRAL DEL ECUADOR","142661421.00"
"227","GASTO","FUNCION EJECUTIVA","9","SECTORIAL EDUCACION","176","UNIVERSIDAD TECNICA DE AMBATO","53940899.00"
"228","GASTO","FUNCION EJECUTIVA","9","SECTORIAL EDUCACION","177","ESCUELA POLITECNICA NACIONAL","71319119.00"
"229","GASTO","FUNCION EJECUTIVA","9","SECTORIAL EDUCACION","179","UNIVERSIDAD TECNICA DE COTOPAXI","17776794.00"
"230","GASTO","FUNCION EJECUTIVA","9","SECTORIAL EDUCACION","180","UNIVERSIDAD NACIONAL DE CHIMBORAZO","28515622.00"
"231","GASTO","FUNCION EJECUTIVA","9","SECTORIAL EDUCACION","181","UNIVERSIDAD ESTATAL DE MILAGRO","19381612.00"
"232","GASTO","FUNCION EJECUTIVA","9","SECTORIAL EDUCACION","182","UNIVERSIDAD ESTATAL DEL SUR DE MANABI","11965260.00"
"233","GASTO","FUNCION EJECUTIVA","9","SECTORIAL EDUCACION","183","UNIVERSIDAD DE INVESTIGACION DE TECNOLOGIA EXPERIMENTAL YACHAY","4070000.00"
"234","GASTO","FUNCION EJECUTIVA","9","SECTORIAL EDUCACION","185","UNIVERSIDAD ESTATAL AMAZONICA","8469496.00"
"235","GASTO","FUNCION EJECUTIVA","9","SECTORIAL EDUCACION","187","UNIVERSIDAD ESTATAL PENINSULA DE SANTA ELENA","14949847.00"
"236","GASTO","FUNCION EJECUTIVA","9","SECTORIAL EDUCACION","188","ESCUELA SUPERIOR POLITECNICA AGROPECUARIA DE MANABI MANUEL FELIX LOPEZ","10919435.00"
"237","GASTO","FUNCION EJECUTIVA","9","SECTORIAL EDUCACION","189","UNIVERSIDAD DE LAS FUERZAS ARMADAS - ESPE","65813447.00"
"238","GASTO","FUNCION EJECUTIVA","9","SECTORIAL EDUCACION","190","CASA DE LA CULTURA ECUATORIANA NUCLEO DEL AZUAY","748508.00"
"239","GASTO","FUNCION EJECUTIVA","9","SECTORIAL EDUCACION","191","CASA DE LA CULTURA ECUATORIANA NUCLEO DE BOLIVAR","268163.00"
"240","GASTO","FUNCION EJECUTIVA","9","SECTORIAL EDUCACION","192","CASA DE LA CULTURA ECUATORIANA NUCLEO DE CANAR","456940.00"
"241","GASTO","FUNCION EJECUTIVA","9","SECTORIAL EDUCACION","193","CASA DE LA CULTURA ECUATORIANA NUCLEO DE CARCHI","248861.00"
"242","GASTO","FUNCION EJECUTIVA","9","SECTORIAL EDUCACION","194","CASA DE LA CULTURA ECUATORIANA NUCLEO DE COTOPAXI","241196.00"
"243","GASTO","FUNCION EJECUTIVA","9","SECTORIAL EDUCACION","195","CASA DE LA CULTURA ECUATORIANA NUCLEO DE CHIMBORAZO","318976.00"
"244","GASTO","FUNCION EJECUTIVA","9","SECTORIAL EDUCACION","196","CASA DE LA CULTURA ECUATORIANA NUCLEO DE EL ORO","599093.00"
"245","GASTO","FUNCION EJECUTIVA","9","SECTORIAL EDUCACION","197","CASA DE LA CULTURA ECUATORIANA NUCLEO DE ESMERALDAS","390996.00"
"246","GASTO","FUNCION EJECUTIVA","9","SECTORIAL EDUCACION","198","CASA DE LA CULTURA ECUATORIANA NUCLEO DE GUAYAS","1058348.00"
"247","GASTO","FUNCION EJECUTIVA","9","SECTORIAL EDUCACION","199","CASA DE LA CULTURA ECUATORIANA NUCLEO DE IMBABURA","230381.00"
"248","GASTO","FUNCION EJECUTIVA","9","SECTORIAL EDUCACION","200","CASA DE LA CULTURA ECUATORIANA NUCLEO DE LOJA","307242.00"
"249","GASTO","FUNCION EJECUTIVA","9","SECTORIAL EDUCACION","201","CASA DE LA CULTURA ECUATORIANA NUCLEO DE LOS RIOS","346795.00"
"250","GASTO","FUNCION EJECUTIVA","9","SECTORIAL EDUCACION","202","CASA DE LA CULTURA ECUATORIANA NUCLEO DE MANABI","384414.00"
"251","GASTO","FUNCION EJECUTIVA","9","SECTORIAL EDUCACION","203","CASA DE LA CULTURA ECUATORIANA NUCLEO DE MORONA SANTIAGO","222523.00"
"252","GASTO","FUNCION EJECUTIVA","9","SECTORIAL EDUCACION","204","CASA DE LA CULTURA ECUATORIANA NUCLEO DE NAPO","236283.00"
"253","GASTO","FUNCION EJECUTIVA","9","SECTORIAL EDUCACION","205","CASA DE LA CULTURA ECUATORIANA NUCLEO DE PASTAZA","308603.00"
"254","GASTO","FUNCION EJECUTIVA","9","SECTORIAL EDUCACION","206","CASA DE LA CULTURA ECUATORIANA BENJAMIN CARRION","10742874.00"
"255","GASTO","FUNCION EJECUTIVA","9","SECTORIAL EDUCACION","207","CASA DE LA CULTURA ECUATORIANA NUCLEO DE TUNGURAHUA","255838.00"
"256","GASTO","FUNCION EJECUTIVA","9","SECTORIAL EDUCACION","208","CASA DE LA CULTURA ECUATORIANA NUCLEO DE ZAMORA","230538.00"
"257","GASTO","FUNCION EJECUTIVA","9","SECTORIAL EDUCACION","209","CASA DE LA CULTURA ECUATORIANA NUCLEO DE GALAPAGOS","322336.00"
"258","GASTO","FUNCION EJECUTIVA","9","SECTORIAL EDUCACION","210","CASA DE LA CULTURA ECUATORIANA NUCLEO DE SUCUMBIOS","341723.00"
"259","GASTO","FUNCION EJECUTIVA","9","SECTORIAL EDUCACION","211","CASA DE LA CULTURA ECUATORIANA NUCLEO DE ORELLANA","262860.00"
"260","GASTO","FUNCION EJECUTIVA","9","SECTORIAL EDUCACION","212","CASA DE LA CULTURA ECUATORIANA NUCLEO PROVINCIAL DE SANTO DOMINGO DE LOS TSACHILAS","209112.00"
"261","GASTO","FUNCION EJECUTIVA","9","SECTORIAL EDUCACION","213","CASA DE LA CULTURA ECUATORIANA NUCLEO PROVINCIAL DE SANTA ELENA","276165.00"
"262","GASTO","FUNCION EJECUTIVA","9","SECTORIAL EDUCACION","214","INSTITUTO NACIONAL DE EVALUACION EDUCATIVA","5363649.84"
"263","GASTO","FUNCION EJECUTIVA","9","SECTORIAL EDUCACION","215","INSTITUTO SUPERIOR TECNOLOGICO DE ARTES DEL ECUADOR","955308.00"
"264","GASTO","FUNCION EJECUTIVA","9","SECTORIAL EDUCACION","232","INSTITUTO DE ALTOS ESTUDIOS NACIONALES - IAEN","6556906.00"
"265","GASTO","FUNCION EJECUTIVA","9","SECTORIAL EDUCACION","233","UNIVERSIDAD POLITECNICA ESTATAL DEL CARCHI","7170901.00"
"266","GASTO","FUNCION EJECUTIVA","9","SECTORIAL EDUCACION","236","CONSEJO NACIONAL DE CINEMATOGRAFIA","4524316.13"
"267","GASTO","FUNCION EJECUTIVA","9","SECTORIAL EDUCACION","237","CONSEJO DE EVALUACION ACREDITACION Y ASEGURAMIENTO DE LA CALIDAD DE LA EDUCACION SUPERIOR - CEAACES","10031069.00"
"268","GASTO","FUNCION EJECUTIVA","9","SECTORIAL EDUCACION","312","CONSEJO DE EDUCACION SUPERIOR","7953338.97"
"269","GASTO","FUNCION EJECUTIVA","10","SECTORIAL BIENESTAR SOCIAL","116","CONSEJO NACIONAL PARA LA IGUALDAD DE GENERO","1436025.00"
"270","GASTO","FUNCION EJECUTIVA","10","SECTORIAL BIENESTAR SOCIAL","274","INSTITUTO NACIONAL DE ECONOMIA POPULAR Y SOLIDARIA - IEPS","16761672.00"
"271","GASTO","FUNCION EJECUTIVA","10","SECTORIAL BIENESTAR SOCIAL","280","MINISTERIO DE INCLUSION ECONOMICA Y SOCIAL","1089597610.00"
"272","GASTO","FUNCION EJECUTIVA","10","SECTORIAL BIENESTAR SOCIAL","282","CONSEJO DE DESARROLLO DE LAS NACIONALIDADES Y PUEBLOS INDIGENAS DEL ECUADOR","1114900.00"
"273","GASTO","FUNCION EJECUTIVA","10","SECTORIAL BIENESTAR SOCIAL","283","CONSEJO NACIONAL PARA LA IGUALDAD DE DISCAPACIDADES","3034074.00"
"274","GASTO","FUNCION EJECUTIVA","10","SECTORIAL BIENESTAR SOCIAL","287","CONSEJO DE DESARROLLO DEL PUEBLO MONTUBIO DE LA COSTA ECUATORIANA Y ZONAS SUBTROPICALES DE LA REGION LITORAL - CODEPMOC","688397.00"
"275","GASTO","FUNCION EJECUTIVA","10","SECTORIAL BIENESTAR SOCIAL","288","CORPORACION DE DESARROLLO AFRO-ECUATORIANO - CODAE","435694.00"
"276","GASTO","FUNCION EJECUTIVA","10","SECTORIAL BIENESTAR SOCIAL","289","CONSEJO NACIONAL PARA LA IGUALDAD INTERGENERACIONAL","2260386.00"
"277","GASTO","FUNCION EJECUTIVA","11","SECTORIAL TRABAJO","311","SERVICIO ECUATORIANO DE CAPACITACION PROFESIONAL - SECAP","18487074.00"
"278","GASTO","FUNCION EJECUTIVA","11","SECTORIAL TRABAJO","315","MINISTERIO DE RELACIONES LABORALES","42944410.00"
"279","GASTO","FUNCION EJECUTIVA","11","SECTORIAL TRABAJO","316","INSTITUTO NACIONAL DE LA MERITOCRACIA","2522826.29"
"280","GASTO","FUNCION EJECUTIVA","11","SECTORIAL TRABAJO","319","JUNTA NACIONAL DE DEFENSA DEL ARTESANO","4375783.00"
"281","GASTO","FUNCION EJECUTIVA","11","SECTORIAL TRABAJO","471","SECRETARIA TECNICA DE CAPACITACION Y FORMACION PROFESIONAL","21713138.00"
"282","GASTO","FUNCION EJECUTIVA","12","SECTORIAL SALUD","217","AGENCIA NACIONAL DE REGULACION CONTROL Y VIGILANCIA SANITARIA - ARCSA","24659840.00"
"283","GASTO","FUNCION EJECUTIVA","12","SECTORIAL SALUD","267","INSTITUTO NACIONAL DE INVESTIGACION EN SALUD PUBLICA - INSPI","10922176.00"
"284","GASTO","FUNCION EJECUTIVA","12","SECTORIAL SALUD","320","MINISTERIO DE SALUD PUBLICA","2874454396.76"
"285","GASTO","FUNCION EJECUTIVA","12","SECTORIAL SALUD","323","CONSEJO NACIONAL DE SALUD - CONASA","463655.00"
"286","GASTO","FUNCION EJECUTIVA","12","SECTORIAL SALUD","326","INSTITUTO NACIONAL DE DONACION Y TRANSPLANTE DE ORGANOS TEJIDOS Y CELULAS - INDOT","2009033.00"
"287","GASTO","FUNCION EJECUTIVA","13","SECTORIAL AGROPECUARIO","353","INSTITUTO DE PROVISION DE ALIMENTOS","3697952.00"
"288","GASTO","FUNCION EJECUTIVA","13","SECTORIAL AGROPECUARIO","360","MINISTERIO DE AGRICULTURA GANADERIA ACUACULTURA Y PESCA","474746852.00"
"289","GASTO","FUNCION EJECUTIVA","13","SECTORIAL AGROPECUARIO","364","CONFERENCIA NACIONAL DE SOBERANIA ALIMENTARIA","1017529.00"
"290","GASTO","FUNCION EJECUTIVA","13","SECTORIAL AGROPECUARIO","378","MISION FAO EN EL ECUADOR","101915.00"
"291","GASTO","FUNCION EJECUTIVA","13","SECTORIAL AGROPECUARIO","390","INSTITUTO NACIONAL AUTONOMO DE INVESTIGACIONES AGROPECUARIAS - INIAP","48806458.70"
"292","GASTO","FUNCION EJECUTIVA","13","SECTORIAL AGROPECUARIO","392","AGENCIA ECUATORIANA DE ASEGURAMIENTO DE LA CALIDAD DEL AGRO","47884869.00"
"293","GASTO","FUNCION EJECUTIVA","13","SECTORIAL AGROPECUARIO","473","INSTITUTO NACIONAL DE PESCA - INP","4409712.00"
"294","GASTO","FUNCION EJECUTIVA","14","SECTORIAL RECURSOS NATURALES","37","SECRETARIA NACIONAL DEL AGUA","58284440.00"
"295","GASTO","FUNCION EJECUTIVA","14","SECTORIAL RECURSOS NATURALES","371","INSTITUTO NACIONAL DE EFICIENCIA ENERGETICA Y ENERGIAS RENOVABLES","5216708.64"
"296","GASTO","FUNCION EJECUTIVA","14","SECTORIAL RECURSOS NATURALES","416","AGENCIA DE REGULACION Y CONTROL HIDROCARBURO - ARCH","16762354.00"
"297","GASTO","FUNCION EJECUTIVA","14","SECTORIAL RECURSOS NATURALES","418","SECRETARIA DE HIDROCARBUROS - SH","21879113.00"
"298","GASTO","FUNCION EJECUTIVA","14","SECTORIAL RECURSOS NATURALES","419","MINISTERIO DE RECURSOS NATURALES NO RENOVABLES","22966725.00"
"299","GASTO","FUNCION EJECUTIVA","14","SECTORIAL RECURSOS NATURALES","421","MINISTERIO DE ELECTRICIDAD Y ENERGIA RENOVABLE","1940635421.38"
"300","GASTO","FUNCION EJECUTIVA","14","SECTORIAL RECURSOS NATURALES","422","INSTITUTO NACIONAL DE METEOROLOGIA E HIDROLOGIA - INAMHI","6583295.00"
"301","GASTO","FUNCION EJECUTIVA","14","SECTORIAL RECURSOS NATURALES","426","AGENCIA DE REGULACION Y CONTROL MINERO","7671759.00"
"302","GASTO","FUNCION EJECUTIVA","14","SECTORIAL RECURSOS NATURALES","427","INSTITUTO NACIONAL DE INVESTIGACION GEOLOGICO MINERO METALURGICO","22069887.00"
"303","GASTO","FUNCION EJECUTIVA","14","SECTORIAL RECURSOS NATURALES","428","CONSEJO NACIONAL DE ELECTRICIDAD - CONELEC","9773232.00"
"304","GASTO","FUNCION EJECUTIVA","15","COMERCIO EXTERIOR INDUSTRIALIZACION PESCA Y COMPETITIVIDAD","218","MINISTERIO DE COMERCIO EXTERIOR","27918941.00"
"305","GASTO","FUNCION EJECUTIVA","15","COMERCIO EXTERIOR INDUSTRIALIZACION PESCA Y COMPETITIVIDAD","234","INSTITUTO ECUATORIANO DE PROPIEDAD INTELECTUAL - IEPI","15034280.00"
"306","GASTO","FUNCION EJECUTIVA","15","COMERCIO EXTERIOR INDUSTRIALIZACION PESCA Y COMPETITIVIDAD","470","MINISTERIO DE INDUSTRIAS Y PRODUCTIVIDAD","53702723.88"
"307","GASTO","FUNCION EJECUTIVA","15","COMERCIO EXTERIOR INDUSTRIALIZACION PESCA Y COMPETITIVIDAD","472","SERVICIO ECUATORIANO DE NORMALIZACION","23147729.00"
"308","GASTO","FUNCION EJECUTIVA","15","COMERCIO EXTERIOR INDUSTRIALIZACION PESCA Y COMPETITIVIDAD","475","SERVICIO DE ACREDITACION ECUATORIANO","2575440.13"
"309","GASTO","FUNCION EJECUTIVA","15","COMERCIO EXTERIOR INDUSTRIALIZACION PESCA Y COMPETITIVIDAD","476","CENTRO INTERAMERICANO DE ARTESANIAS Y ARTES POPULARES - CIDAP","815791.00"
"310","GASTO","FUNCION EJECUTIVA","16","SECTORIAL TURISMO","510","MINISTERIO DE TURISMO","110713538.42"
"311","GASTO","FUNCION EJECUTIVA","17","SECTORIAL COMUNICACIONES","511","DIRECCION NACIONAL DE REGISTRO DE DATOS PUBLICOS","11615963.00"
"312","GASTO","FUNCION EJECUTIVA","17","SECTORIAL COMUNICACIONES","520","MINISTERIO DE TRANSPORTE Y OBRAS PUBLICAS","991216626.60"
"313","GASTO","FUNCION EJECUTIVA","17","SECTORIAL COMUNICACIONES","522","DIRECCION GENERAL DE AVIACION CIVIL","48377306.00"
"314","GASTO","FUNCION EJECUTIVA","17","SECTORIAL COMUNICACIONES","535","AGENCIA NACIONAL POSTAL","2026495.32"
"315","GASTO","FUNCION EJECUTIVA","17","SECTORIAL COMUNICACIONES","540","MINISTERIO DE TELECOMUNICACIONES Y DE LA SOCIEDAD DE LA INFORMACION","66190973.00"
"316","GASTO","FUNCION EJECUTIVA","18","SECTORIAL DESARROLLO URBANO Y VIVIENDA","550","MINISTERIO DE DESARROLLO URBANO Y VIVIENDA","182777090.00"
"317","GASTO","FUNCION EJECUTIVA","18","SECTORIAL DESARROLLO URBANO Y VIVIENDA","560","SERVICIO DE CONTRATACION DE OBRAS - SECOB","15413258.00"
"318","GASTO","FUNCION JUDICIAL Y JUSTICIA INDIGENA","2","SECTORIAL JURISDICCIONAL","10","CONSEJO DE LA JUDICATURA","495231947.00"
"319","GASTO","FUNCION JUDICIAL Y JUSTICIA INDIGENA","2","SECTORIAL JURISDICCIONAL","15","DEFENSORIA PUBLICA","36319342.00"
"320","GASTO","FUNCION JUDICIAL Y JUSTICIA INDIGENA","2","SECTORIAL JURISDICCIONAL","581","CORTE CONSTITUCIONAL","13574207.00"
"321","GASTO","FUNCION JUDICIAL Y JUSTICIA INDIGENA","2","SECTORIAL JURISDICCIONAL","598","FISCALIA GENERAL DEL ESTADO","141117661.00"
"322","GASTO","FUNCION DE TRANSPARENCIA Y CONTROL SOCIAL","3","SECTORIAL ADMINISTRATIVO","220","CONSEJO DE REGULACION Y DESARROLLO DE LA INFORMACION Y COMUNICACI”N","4224406.00"
"323","GASTO","FUNCION DE TRANSPARENCIA Y CONTROL SOCIAL","3","SECTORIAL ADMINISTRATIVO","15","PROCURADURIA GENERAL DEL ESTADO","68683402.00"
"324","GASTO","FUNCION DE TRANSPARENCIA Y CONTROL SOCIAL","23","TRANSPARENCIA Y CONTROL SOCIAL","583","CONSEJO DE PARTICIPACION CIUDADANA Y CONTROL SOCIAL","17525091.00"
"325","GASTO","FUNCION DE TRANSPARENCIA Y CONTROL SOCIAL","23","TRANSPARENCIA Y CONTROL SOCIAL","591","CONTRALORIA GENERAL DEL ESTADO","93836919.10"
"326","GASTO","FUNCION DE TRANSPARENCIA Y CONTROL SOCIAL","23","TRANSPARENCIA Y CONTROL SOCIAL","592","SUPERINTENDENCIA DE BANCOS","34108629.00"
"327","GASTO","FUNCION DE TRANSPARENCIA Y CONTROL SOCIAL","23","TRANSPARENCIA Y CONTROL SOCIAL","593","SUPERINTENDENCIA DE COMPANIAS Y VALORES","28203863.00"
"328","GASTO","FUNCION DE TRANSPARENCIA Y CONTROL SOCIAL","23","TRANSPARENCIA Y CONTROL SOCIAL","594","SUPERINTENDENCIA DE TELECOMUNICACIONES","19867204.00"
"329","GASTO","FUNCION DE TRANSPARENCIA Y CONTROL SOCIAL","23","TRANSPARENCIA Y CONTROL SOCIAL","643","DEFENSORIA DEL PUEBLO","18619573.00"
"330","GASTO","FUNCION DE TRANSPARENCIA Y CONTROL SOCIAL","23","TRANSPARENCIA Y CONTROL SOCIAL","916","SUPERINTENDENCIA DE ECONOMIA POPULAR Y SOLIDARIA","16098124.00"
"331","GASTO","FUNCION DE TRANSPARENCIA Y CONTROL SOCIAL","23","TRANSPARENCIA Y CONTROL SOCIAL","935","SUPERINTENDENCIA DE CONTROL DEL PODER DE MERCADO","10399696.00"
"332","GASTO","FUNCION DE TRANSPARENCIA Y CONTROL SOCIAL","23","TRANSPARENCIA Y CONTROL SOCIAL","974","SUPERINTENDENCIA DE LA INFORMACION Y COMUNICACI”N","15023090.00"
"333","GASTO","FUNCION ELECTORAL","22","ELECTORAL","580","CONSEJO NACIONAL ELECTORAL","69067646.16"
"334","GASTO","FUNCION ELECTORAL","22","ELECTORAL","582","TRIBUNAL CONTENCIOSO ELECTORAL","4362427.00"
